Severity, Program, Time, Message, Server, Collective, ID, Category, OriginatingHost, OriginatingOSUser, OriginatingPIUser, Priority, ProcessHost, ProcessOSUser, ProcessPIUser, ProcessID, Source1, Source2, Source3
Information, pisnapss, 07-20-2026 12:22:54,"Successfully registered PIbufss from MKGPWOTOIS05:3224, record ID: 43. [0] Success", MKGPWOTRBHIS01, , 2141, , , , , 10, , pisnapss, , 5952, pisnapmgr, , 
Information, pisnapss, 07-20-2026 12:25:34,"Successfully registered PIbufss from MKGSWOTOIS05:4188, record ID: 43. [0] Success", MKGPWOTRBHIS01, , 2141, , , , , 10, , pisnapss, , 5952, pisnapmgr, , 
Information, pisnapss, 07-20-2026 12:28:54,"Successfully registered PIbufss from MKGPWOTOIS05:3224, record ID: 43. [0] Success", MKGPWOTRBHIS01, , 2141, , , , , 10, , pisnapss, , 5952, pisnapmgr, , 
Information, pinetmgr, 07-20-2026 12:30:10,"Connection accepted:     Process name:  FTHConnectorWindowsServiceHost.exe(7820) ID: 235", MKGPWOTRBHIS01, , 7039, , , , , 10, , pinetmgr, , 3852, , , 
Debug, pinetmgr, 07-20-2026 12:30:11,"Deleting connection:  FTHConnectorWindowsServiceHost.exe(7820), Shutdown request received from FTHConnectorWindowsServiceHost.exe(7820), ID: 235  :0", MKGPWOTRBHIS01, , 7096, , , , , 10, , pinetmgr, , 3852, , , 
Debug, pinetmgr, 07-20-2026 12:30:11,"ID: 235; Duration: 0. min.; kbytes sent: 47.03516; kbytes recv: 0.1865234; app: RA-FHCL; user: ; osuser: ; trust: ; ip address: ; ip host: ", MKGPWOTRBHIS01, , 7133, , , , , 10, , pinetmgr, , 3852, Connection Statistics, , 
Information, pinetmgr, 07-20-2026 12:30:11,"Disconnected ID: 235 ; Process name: FTHConnectorWindowsServiceHost.exe(7820) ; User:  ; OS User:  ; Hostname: ; IP:  ; AppID: 625 ; AppName: RA-FHCL", MKGPWOTRBHIS01, , 7079, , , , , 10, , pinetmgr, , 3852, Connection Information, , 
Information, pisnapss, 07-20-2026 12:31:34,"Successfully registered PIbufss from MKGSWOTOIS05:4188, record ID: 43. [0] Success", MKGPWOTRBHIS01, , 2141, , , , , 10, , pisnapss, , 5952, pisnapmgr, , 
Information, pisnapss, 07-20-2026 12:34:54,"Successfully registered PIbufss from MKGPWOTOIS05:3224, record ID: 43. [0] Success", MKGPWOTRBHIS01, , 2141, , , , , 10, , pisnapss, , 5952, pisnapmgr, , 
Information, pisnapss, 07-20-2026 12:37:34,"Successfully registered PIbufss from MKGSWOTOIS05:4188, record ID: 43. [0] Success", MKGPWOTRBHIS01, , 2141, , , , , 10, , pisnapss, , 5952, pisnapmgr, , 
Information, pisnapss, 07-20-2026 12:40:55,"Successfully registered PIbufss from MKGPWOTOIS05:3224, record ID: 43. [0] Success", MKGPWOTRBHIS01, , 2141, , , , , 10, , pisnapss, , 5952, pisnapmgr, , 
Information, pisnapss, 07-20-2026 12:43:35,"Successfully registered PIbufss from MKGSWOTOIS05:4188, record ID: 43. [0] Success", MKGPWOTRBHIS01, , 2141, , , , , 10, , pisnapss, , 5952, pisnapmgr, , 
Information, pinetmgr, 07-20-2026 12:45:14,"Connection accepted:     Process name:  FTHConnectorWindowsServiceHost.exe(7820) ID: 236", MKGPWOTRBHIS01, , 7039, , , , , 10, , pinetmgr, , 3852, , , 
Debug, pinetmgr, 07-20-2026 12:45:21,"Deleting connection:  FTHConnectorWindowsServiceHost.exe(7820), Shutdown request received from FTHConnectorWindowsServiceHost.exe(7820), ID: 236  :0", MKGPWOTRBHIS01, , 7096, , , , , 10, , pinetmgr, , 3852, , , 
Debug, pinetmgr, 07-20-2026 12:45:21,"ID: 236; Duration: 0. min.; kbytes sent: 47.03516; kbytes recv: 0.1865234; app: RA-FHCL; user: ; osuser: ; trust: ; ip address: ; ip host: ", MKGPWOTRBHIS01, , 7133, , , , , 10, , pinetmgr, , 3852, Connection Statistics, , 
Information, pinetmgr, 07-20-2026 12:45:21,"Disconnected ID: 236 ; Process name: FTHConnectorWindowsServiceHost.exe(7820) ; User:  ; OS User:  ; Hostname: ; IP:  ; AppID: 625 ; AppName: RA-FHCL", MKGPWOTRBHIS01, , 7079, , , , , 10, , pinetmgr, , 3852, Connection Information, , 
Information, pisnapss, 07-20-2026 12:46:55,"Successfully registered PIbufss from MKGPWOTOIS05:3224, record ID: 43. [0] Success", MKGPWOTRBHIS01, , 2141, , , , , 10, , pisnapss, , 5952, pisnapmgr, , 
Information, pisnapss, 07-20-2026 12:49:35,"Successfully registered PIbufss from MKGSWOTOIS05:4188, record ID: 43. [0] Success", MKGPWOTRBHIS01, , 2141, , , , , 10, , pisnapss, , 5952, pisnapmgr, , 
Information, pisnapss, 07-20-2026 12:52:55,"Successfully registered PIbufss from MKGPWOTOIS05:3224, record ID: 43. [0] Success", MKGPWOTRBHIS01, , 2141, , , , , 10, , pisnapss, , 5952, pisnapmgr, , 
Information, pisnapss, 07-20-2026 12:55:35,"Successfully registered PIbufss from MKGSWOTOIS05:4188, record ID: 43. [0] Success", MKGPWOTRBHIS01, , 2141, , , , , 10, , pisnapss, , 5952, pisnapmgr, , 
Information, FTLDInt, 07-20-2026 12:58:23,"DeviceStatus=0", MKGPWOTRBHIS01, , 31104, UNIINT, , , , 10, , OTMKG.PROD\MKGPWOTRBHIS01$, , 3416, FTLDInt, FTLD | 1 | 0, 
Information, pisnapss, 07-20-2026 12:58:55,"Successfully registered PIbufss from MKGPWOTOIS05:3224, record ID: 43. [0] Success", MKGPWOTRBHIS01, , 2141, , , , , 10, , pisnapss, , 5952, pisnapmgr, , 
Information, pinetmgr, 07-20-2026 13:00:14,"Connection accepted:     Process name:  FTHConnectorWindowsServiceHost.exe(7820) ID: 237", MKGPWOTRBHIS01, , 7039, , , , , 10, , pinetmgr, , 3852, , , 
Debug, pinetmgr, 07-20-2026 13:00:21,"Deleting connection:  FTHConnectorWindowsServiceHost.exe(7820), Shutdown request received from FTHConnectorWindowsServiceHost.exe(7820), ID: 237  :0", MKGPWOTRBHIS01, , 7096, , , , , 10, , pinetmgr, , 3852, , , 
Debug, pinetmgr, 07-20-2026 13:00:21,"ID: 237; Duration: 0. min.; kbytes sent: 47.03516; kbytes recv: 0.1865234; app: RA-FHCL; user: ; osuser: ; trust: ; ip address: ; ip host: ", MKGPWOTRBHIS01, , 7133, , , , , 10, , pinetmgr, , 3852, Connection Statistics, , 
Information, pinetmgr, 07-20-2026 13:00:21,"Disconnected ID: 237 ; Process name: FTHConnectorWindowsServiceHost.exe(7820) ; User:  ; OS User:  ; Hostname: ; IP:  ; AppID: 625 ; AppName: RA-FHCL", MKGPWOTRBHIS01, , 7079, , , , , 10, , pinetmgr, , 3852, Connection Information, , 
Information, pisnapss, 07-20-2026 13:01:35,"Successfully registered PIbufss from MKGSWOTOIS05:4188, record ID: 43. [0] Success", MKGPWOTRBHIS01, , 2141, , , , , 10, , pisnapss, , 5952, pisnapmgr, , 
Information, pisnapss, 07-20-2026 13:04:55,"Successfully registered PIbufss from MKGPWOTOIS05:3224, record ID: 43. [0] Success", MKGPWOTRBHIS01, , 2141, , , , , 10, , pisnapss, , 5952, pisnapmgr, , 
Information, pisnapss, 07-20-2026 13:07:36,"Successfully registered PIbufss from MKGSWOTOIS05:4188, record ID: 43. [0] Success", MKGPWOTRBHIS01, , 2141, , , , , 10, , pisnapss, , 5952, pisnapmgr, , 
Information, pisnapss, 07-20-2026 13:10:56,"Successfully registered PIbufss from MKGPWOTOIS05:3224, record ID: 43. [0] Success", MKGPWOTRBHIS01, , 2141, , , , , 10, , pisnapss, , 5952, pisnapmgr, , 
Information, pisnapss, 07-20-2026 13:13:36,"Successfully registered PIbufss from MKGSWOTOIS05:4188, record ID: 43. [0] Success", MKGPWOTRBHIS01, , 2141, , , , , 10, , pisnapss, , 5952, pisnapmgr, , 
Information, pinetmgr, 07-20-2026 13:15:16,"Connection accepted:     Process name:  FTHConnectorWindowsServiceHost.exe(7820) ID: 238", MKGPWOTRBHIS01, , 7039, , , , , 10, , pinetmgr, , 3852, , , 
Information, pinetmgr, 07-20-2026 13:15:21,"Deleting connection:  FTHConnectorWindowsServiceHost.exe(7820), Connection lost(2), [109] The pipe has been ended., ID: 238  :0", MKGPWOTRBHIS01, , 7115, , , , , 10, , pinetmgr, , 3852, , , 
Debug, pinetmgr, 07-20-2026 13:15:21,"ID: 238; Duration: 0. min.; kbytes sent: 47.03516; kbytes recv: 0.1865234; app: RA-FHCL; user: ; osuser: ; trust: ; ip address: ; ip host: ", MKGPWOTRBHIS01, , 7133, , , , , 10, , pinetmgr, , 3852, Connection Statistics, , 
Information, pinetmgr, 07-20-2026 13:15:21,"Disconnected ID: 238 ; Process name: FTHConnectorWindowsServiceHost.exe(7820) ; User:  ; OS User:  ; Hostname: ; IP:  ; AppID: 625 ; AppName: RA-FHCL", MKGPWOTRBHIS01, , 7079, , , , , 10, , pinetmgr, , 3852, Connection Information, , 
Information, pisnapss, 07-20-2026 13:16:56,"Successfully registered PIbufss from MKGPWOTOIS05:3224, record ID: 43. [0] Success", MKGPWOTRBHIS01, , 2141, , , , , 10, , pisnapss, , 5952, pisnapmgr, , 
Information, pisnapss, 07-20-2026 13:19:36,"Successfully registered PIbufss from MKGSWOTOIS05:4188, record ID: 43. [0] Success", MKGPWOTRBHIS01, , 2141, , , , , 10, , pisnapss, , 5952, pisnapmgr, , 
Information, pisnapss, 07-20-2026 13:22:56,"Successfully registered PIbufss from MKGPWOTOIS05:3224, record ID: 43. [0] Success", MKGPWOTRBHIS01, , 2141, , , , , 10, , pisnapss, , 5952, pisnapmgr, , 
Information, pisnapss, 07-20-2026 13:25:36,"Successfully registered PIbufss from MKGSWOTOIS05:4188, record ID: 43. [0] Success", MKGPWOTRBHIS01, , 2141, , , , , 10, , pisnapss, , 5952, pisnapmgr, , 
Information, pisnapss, 07-20-2026 13:28:56,"Successfully registered PIbufss from MKGPWOTOIS05:3224, record ID: 43. [0] Success", MKGPWOTRBHIS01, , 2141, , , , , 10, , pisnapss, , 5952, pisnapmgr, , 
Information, pinetmgr, 07-20-2026 13:30:17,"Connection accepted:     Process name:  FTHConnectorWindowsServiceHost.exe(7820) ID: 239", MKGPWOTRBHIS01, , 7039, , , , , 10, , pinetmgr, , 3852, , , 
Information, pinetmgr, 07-20-2026 13:30:21,"Deleting connection:  FTHConnectorWindowsServiceHost.exe(7820), Connection lost(2), [109] The pipe has been ended., ID: 239  :0", MKGPWOTRBHIS01, , 7115, , , , , 10, , pinetmgr, , 3852, , , 
Debug, pinetmgr, 07-20-2026 13:30:21,"ID: 239; Duration: 0. min.; kbytes sent: 47.03516; kbytes recv: 0.1865234; app: RA-FHCL; user: ; osuser: ; trust: ; ip address: ; ip host: ", MKGPWOTRBHIS01, , 7133, , , , , 10, , pinetmgr, , 3852, Connection Statistics, , 
Information, pinetmgr, 07-20-2026 13:30:21,"Disconnected ID: 239 ; Process name: FTHConnectorWindowsServiceHost.exe(7820) ; User:  ; OS User:  ; Hostname: ; IP:  ; AppID: 625 ; AppName: RA-FHCL", MKGPWOTRBHIS01, , 7079, , , , , 10, , pinetmgr, , 3852, Connection Information, , 
Information, pisnapss, 07-20-2026 13:31:36,"Successfully registered PIbufss from MKGSWOTOIS05:4188, record ID: 43. [0] Success", MKGPWOTRBHIS01, , 2141, , , , , 10, , pisnapss, , 5952, pisnapmgr, , 
Information, pisnapss, 07-20-2026 13:34:56,"Successfully registered PIbufss from MKGPWOTOIS05:3224, record ID: 43. [0] Success", MKGPWOTRBHIS01, , 2141, , , , , 10, , pisnapss, , 5952, pisnapmgr, , 
Information, pisnapss, 07-20-2026 13:37:37,"Successfully registered PIbufss from MKGSWOTOIS05:4188, record ID: 43. [0] Success", MKGPWOTRBHIS01, , 2141, , , , , 10, , pisnapss, , 5952, pisnapmgr, , 
Information, pisnapss, 07-20-2026 13:40:57,"Successfully registered PIbufss from MKGPWOTOIS05:3224, record ID: 43. [0] Success", MKGPWOTRBHIS01, , 2141, , , , , 10, , pisnapss, , 5952, pisnapmgr, , 
Information, pisnapss, 07-20-2026 13:43:37,"Successfully registered PIbufss from MKGSWOTOIS05:4188, record ID: 43. [0] Success", MKGPWOTRBHIS01, , 2141, , , , , 10, , pisnapss, , 5952, pisnapmgr, , 
Information, pinetmgr, 07-20-2026 13:45:18,"Connection accepted:     Process name:  FTHConnectorWindowsServiceHost.exe(7820) ID: 240", MKGPWOTRBHIS01, , 7039, , , , , 10, , pinetmgr, , 3852, , , 
Debug, pinetmgr, 07-20-2026 13:45:21,"Deleting connection:  FTHConnectorWindowsServiceHost.exe(7820), Shutdown request received from FTHConnectorWindowsServiceHost.exe(7820), ID: 240  :0", MKGPWOTRBHIS01, , 7096, , , , , 10, , pinetmgr, , 3852, , , 
Debug, pinetmgr, 07-20-2026 13:45:21,"ID: 240; Duration: 0. min.; kbytes sent: 47.03516; kbytes recv: 0.1865234; app: RA-FHCL; user: ; osuser: ; trust: ; ip address: ; ip host: ", MKGPWOTRBHIS01, , 7133, , , , , 10, , pinetmgr, , 3852, Connection Statistics, , 
Information, pinetmgr, 07-20-2026 13:45:21,"Disconnected ID: 240 ; Process name: FTHConnectorWindowsServiceHost.exe(7820) ; User:  ; OS User:  ; Hostname: ; IP:  ; AppID: 625 ; AppName: RA-FHCL", MKGPWOTRBHIS01, , 7079, , , , , 10, , pinetmgr, , 3852, Connection Information, , 
Information, pisnapss, 07-20-2026 13:46:57,"Successfully registered PIbufss from MKGPWOTOIS05:3224, record ID: 43. [0] Success", MKGPWOTRBHIS01, , 2141, , , , , 10, , pisnapss, , 5952, pisnapmgr, , 
Information, pisnapss, 07-20-2026 13:49:37,"Successfully registered PIbufss from MKGSWOTOIS05:4188, record ID: 43. [0] Success", MKGPWOTRBHIS01, , 2141, , , , , 10, , pisnapss, , 5952, pisnapmgr, , 
Information, pisnapss, 07-20-2026 13:52:57,"Successfully registered PIbufss from MKGPWOTOIS05:3224, record ID: 43. [0] Success", MKGPWOTRBHIS01, , 2141, , , , , 10, , pisnapss, , 5952, pisnapmgr, , 
Information, pisnapss, 07-20-2026 13:55:37,"Successfully registered PIbufss from MKGSWOTOIS05:4188, record ID: 43. [0] Success", MKGPWOTRBHIS01, , 2141, , , , , 10, , pisnapss, , 5952, pisnapmgr, , 
Information, FTLDInt, 07-20-2026 13:58:24,"DeviceStatus=0", MKGPWOTRBHIS01, , 31104, UNIINT, , , , 10, , OTMKG.PROD\MKGPWOTRBHIS01$, , 3416, FTLDInt, FTLD | 1 | 0, 
Information, pisnapss, 07-20-2026 13:58:57,"Successfully registered PIbufss from MKGPWOTOIS05:3224, record ID: 43. [0] Success", MKGPWOTRBHIS01, , 2141, , , , , 10, , pisnapss, , 5952, pisnapmgr, , 
